handle,category
HardwareCanucks,tech
GamersNexus,tech
Level1Techs,tech
JeffGeerling,tech
TechnologyConnections,tech
ChrisTitusTech,tech
DistroTube,tech
TheLinuxEXP,tech
BrodieRobertson,tech
NoBoilerplate,tech
t3dotgg,tech
ThePrimeTimeagen,tech
CodeAesthetic,tech
ByteByteGo,tech
Hardwareunboxed,tech
der8auer-en,tech
ActuallyHardcoreOverclocking,tech
2kliksphilip,tech
ETAPRIME,tech
RetroGameCorps,tech
snazzylabs,tech
MaxTech,tech
ShortCircuit,tech
TechLinked,tech
TechAltar,tech
Optimum,tech
TheTechChap,tech
brandonbutch,tech
theMrMobile,tech
SamBeckman,tech
ElectronicWizardry,tech
CraftComputing,tech
ServeTheHome,tech
LAWRENCESYSTEMS,tech
apalrdsadventures,tech
HardwareHaven,tech
WolfgangsChannel,tech
TechnoTim,tech
DavidBombal,tech
_JohnHammond,tech
LiveOverflow,tech
MentalOutlaw,tech
TheHatedOne,tech
NaomiBrockwellTV,tech
Techmoan,tech
The8BitGuy,tech
LGR,tech
adriansdigitalbasement,tech
bigclivedotcom,tech
EEVblog,tech
greatscottlab,tech
BenEater,tech
MooresLawIsDead,tech
paulshardware,tech
TechYESCity,tech
DawidDoesTechStuff,tech
ArjanCodes,tech
mCoding,tech
Computerphile,tech
SebastianLague,tech
dreamsofcode,tech
WebDevSimplified,tech
KevinPowell,tech
TwoMinutePapers,tech
AndrejKarpathy,tech
aiexplained-official,tech
mreflow,tech
WesRoth,tech
TechIngredients,tech
LowSpecGamer,tech
standupmaths,science_education
AlphaPhoenix,science_education
StuffMadeHere,science_education
atomicfrontier,science_education
SabineHossenfelder,science_education
HalfAsInteresting,science_education
PolyMatter,science_education
Kraut_the_Parrot,science_education
OverlySarcasticProductions,science_education
AtunSheiFilms,science_education
toldinstone,science_education
HistoriaCivilis,science_education
Jabzy,science_education
MapMen,science_education
jayforeman,science_education
NotJustBikes,science_education
CityNerd,science_education
ClimateTown,science_education
SimonClark,science_education
hankgreen,science_education
DrBecky,science_education
WhatDaMath,science_education
scottmanley,science_education
frasercain,science_education
CuriousDroid,science_education
CoolWorldsLab,science_education
UpandAtom,science_education
zachstar,science_education
Mathologer,science_education
blackpenredpen,science_education
AnotherRoof,science_education
tibees,science_education
EpicHistoryTV,science_education
InvictaHistory,science_education
FallofCivilizationsPodcast,science_education
HistoryMatters,science_education
KnowingBetter,science_education
EconomicsExplained,science_education
PBoyle,science_education
MoneyMacro,science_education
HowMoneyWorks,science_education
BennJordan,science_education
adamneely,science_education
12tonevideos,science_education
DavidBennettPiano,science_education
Tantacrul,science_education
answerinprogress,science_education
XboxAhoy,science_education
LessonsfromtheScreenplay,science_education
ThomasFlight,science_education
NileBlue,science_education
ExplosionsFire,science_education
AppliedScience,science_education
BreakingTaps,science_education
Codyslab,science_education
integza,science_education
TomStantonEngineering,science_education
AllenPan,science_education
williamosman,science_education
NakeyJakey,gaming
MoonChannel,gaming
SsethTzeentach,gaming
MandaloreGaming,gaming
Noodle,gaming
Raycevick,gaming
NeverKnowsBest,gaming
ManyATrueNerd,gaming
JacobGeller,gaming
WritingonGames,gaming
GMTK,gaming
Razbuten,gaming
PirateSoftware,gaming
ACGreviews,gaming
SkillUp,gaming
DigitalFoundry,gaming
SplatterCatGaming,gaming
Retromation,gaming
Wanderbots,gaming
Aliensrock,gaming
WolfeyVGC,gaming
Lythero,gaming
ChristopherOdd,gaming
Northernlion,gaming
Wirtual,gaming
KarlJobst,gaming
SummoningSalt,gaming
Bismuth,gaming
gameranxTV,gaming
LukeStephensTV,gaming
MortismalGaming,gaming
YongYea,gaming
Zemalia,gaming
Kosmonaut,gaming
Ster,gaming
Aztecross,gaming
Datto,gaming
Oxhorn,gaming
TheGamingBeaver,gaming
PotatoMcWhiskey,gaming
TheSpiffingBrit,gaming
FrancisJohnYT,gaming
Ymfah,gaming
Drybear,gaming
TheBurntPeanut,gaming
SaberSpark,gaming
DanielKrafft,gaming
struthless,lifestyle
NathanielDrew,lifestyle
JeffSu,lifestyle
BrianLagerstrom,lifestyle
EthanChlebowski,lifestyle
aragusea,lifestyle
JKenjiLopezAlt,lifestyle
internetshaquille,lifestyle
SortedFood,lifestyle
NotAnotherCookingShow,lifestyle
RenaissancePeriodization,lifestyle
natachaoceane,lifestyle
WillTennyson,lifestyle
LostLeBlanc,lifestyle
IndigoTraveller,lifestyle
EvazuBeck,lifestyle
BenFelixCSI,lifestyle
ThePlainBagel,lifestyle
HumphreyYang,lifestyle
GentlemansGazette,lifestyle
TheSorryGirls,lifestyle
TiagoForte,lifestyle
ElizabethFilips,lifestyle
RubyGranger,lifestyle
BreaktheTwitch,lifestyle
PursuitofWonder,lifestyle
jameshoffmann,lifestyle
LanceHedrick,lifestyle
Sprometheus,lifestyle
MorganDrinksCoffee,lifestyle
EngineeringExplained,lifestyle
HooviesGarage,lifestyle
hbomberguy,commentary
Shaun_vids,commentary
FoldingIdeas,commentary
bigjoel,commentary
LindsayEllisVids,commentary
PhilosophyTube,commentary
ContraPoints,commentary
SomeMoreNews,commentary
SecondThought,commentary
TLDRnews,commentary
UpperEchelon,commentary
DAngeloWallace,commentary
TiffanyFerg,commentary
SarahZ,commentary
MinaLe,commentary
JackSaint,commentary
Defunctland,commentary
JennyNicholson,commentary
QuintonReviews,commentary
Nexpo,commentary
BarelySociable,commentary
FredrikKnudsen,commentary
atrioc,commentary
Kavernacle,commentary
LikeStoriesofOld,commentary
Wisecrack,commentary
CaptainMidnight,commentary
RyanGeorge,commentary
SecretBase,commentary
AdamSomething,commentary
AskAMortician,commentary
iammrbeat,commentary
BeauoftheFifthColumn,commentary
Hakim,commentary
NewMind,science_education
RealScience,science_education
DomainofScience,science_education
AtomicShrimp,science_education
Reducible,science_education
PapaFlammy,science_education
MichaelPennMath,science_education
BriTheMathGuy,science_education
FloatHeadPhysics,science_education
TheScienceAsylum,science_education
ParthGChannel,science_education
DrBenMiles,science_education
ArvinAsh,science_education
eons,science_education
PBSTerra,science_education
ClintsReptiles,science_education
animalogic,science_education
CasualGeographic,science_education
AtlasPro,science_education
BazBattles,science_education
TheGreatWar,science_education
MarkFeltonProductions,science_education
DrewDurnil,science_education
TheArmchairHistorian,science_education
UsefulCharts,science_education
NativLang,science_education
Langfocus,science_education
RobWords,science_education
Megaprojects,science_education
TheB1M,science_education
Animagraffs,science_education
JaredOwen,science_education
BranchEducation,science_education
TheEfficientEngineer,science_education
BPSspace,science_education
MarcusHouse,science_education
NASASpaceflight,science_education
ScienceTime,science_education
isaacarthurSFIA,science_education
UnlearningEconomics,science_education
WhatIfAltHist,science_education
AlternateHistoryHub,science_education
MedlifeCrisis,science_education
Asianometry,science_education
NightHawkInLight,science_education
TechnologyConnextras,science_education
ScienceClic,science_education
SteveMould,science_education
minuteearth,science_education
TheActionLab,science_education
LiamNguyenChannel,science_education
Dr.Trefor,science_education
DrTreforBazett,science_education
EpicSpaceship,science_education
ZeFrank1,science_education
CuriosityStream,science_education
HAchubby,commentary
MaggieMaeFish,commentary
TheCriticalDrinker,commentary
Nerdrotic,commentary
RedLetterMedia,commentary
PatrickHWillems,commentary
NowYouSeeIt,commentary
CinemaWins,commentary
SuperEyepatchWolf,commentary
atozy,commentary
Aperture,commentary
ReignBot,commentary
NightMind,commentary
InsideAMind,commentary
adamconover,commentary
rossmanngroup,commentary
ModernMBA,commentary
CompanyMan,commentary
WallStreetMillennial,commentary
MagnatesMedia,commentary
LogicallyAnswered,commentary
TomNicholas,commentary
CaspianReport,commentary
PerunAU,commentary
EddyBurback,commentary
Moon,commentary
StephanieSoo,commentary
MrBeat,commentary
JohnnyHarris,commentary
DarkDocs,commentary
Fern,commentary
Hoog,commentary
PeopleMakeGames,commentary
Elementality,commentary
VeritasiumClips,commentary
TheWhyFiles,commentary
Mrbeat2,commentary
SomeOrdinaryGamers,commentary
LukeStephens,commentary
Pyrocynical,commentary
Kurtis,commentary
IntoTheShadows,commentary
